datetime,cow_mean,dog_mean,sheep_mean,ODBA_mean
28/10/16 12:00,51206,9335,12867,73408
28/10/16 12:15,123575,27118,22079,172771
28/10/16 12:30,151011,113156,13400,277567
28/10/16 12:45,93757,67461,70191,231409
28/10/16 13:00,85279,44625,130793,260697
28/10/16 13:15,87735,31107,296918,415760
28/10/16 13:30,87625,70100,310539,468264
28/10/16 13:45,78258,36637,219029,333924
28/10/16 14:00,86887,17588,175853,280328
28/10/16 14:15,87792,20012,164435,272238
28/10/16 14:30,114451,364757,165654,644862
28/10/16 14:45,85492,278489,180050,544030
28/10/16 15:00,86651,294424,136285,517360
28/10/16 15:15,138984,55822,153372,348178
28/10/16 15:30,235361,69245,167482,472088
28/10/16 15:45,144558,24980,150447,319985
28/10/16 16:00,127359,46238,160525,334122
28/10/16 16:15,116845,51567,128207,296619
28/10/16 16:30,112718,68659,123063,304440
28/10/16 16:45,109353,16765,119003,245120
28/10/16 17:00,131886,47781,139599,319266
28/10/16 17:15,111525,90493,107992,310009
28/10/16 17:30,102079,43813,90375,236266
28/10/16 17:45,134334,36357,57961,228652
28/10/16 18:00,253880,97836,87561,439276
28/10/16 18:15,267934,60505,74637,403076
28/10/16 18:30,248792,18705,78380,345877
28/10/16 18:45,239407,52078,109979,401465
28/10/16 19:00,226326,55659,99018,381003
28/10/16 19:15,216234,10258,78903,305395
28/10/16 19:30,217755,11427,96235,325418
28/10/16 19:45,171078,10989,85360,267426
28/10/16 20:00,79077,67897,68992,215966
28/10/16 20:15,61858,9411,106907,178176
28/10/16 20:30,104988,14294,78103,197384
28/10/16 20:45,54544,13324,50553,118421
28/10/16 21:00,68334,15279,66729,150342
28/10/16 21:15,87164,10918,103563,201646
28/10/16 21:30,77314,19890,124828,222032
28/10/16 21:45,63202,11822,122107,197131
28/10/16 22:00,69211,11644,147940,228794
28/10/16 22:15,102671,11103,127629,241404
28/10/16 22:30,67889,49925,78785,196599
28/10/16 22:45,68814,15372,82493,166679
28/10/16 23:00,59378,12183,86634,158196
28/10/16 23:15,69063,34108,40286,143456
28/10/16 23:30,50919,18535,43191,112645
28/10/16 23:45,56777,13913,61318,132008
29/10/16 0:00,65007,16284,76643,157934
29/10/16 0:15,54841,18054,71533,144428
29/10/16 0:30,54981,14790,60397,130169
29/10/16 0:45,85483,19873,61730,167086
29/10/16 1:00,106079,21863,100610,228552
29/10/16 1:15,76174,16444,100849,193468
29/10/16 1:30,55363,15793,77569,148725
29/10/16 1:45,68848,53300,44071,166220
29/10/16 2:00,56892,20201,94177,171269
29/10/16 2:15,58386,14275,71441,144102
29/10/16 2:30,88468,25270,51960,165698
29/10/16 2:45,73659,12979,63923,150561
29/10/16 3:00,80877,12999,44022,137898
29/10/16 3:15,48306,12689,33042,94037
29/10/16 3:30,47979,13583,39904,101466
29/10/16 3:45,62377,27927,49274,139578
29/10/16 4:00,56226,25530,46385,128141
29/10/16 4:15,55419,21689,69157,146265
29/10/16 4:30,45124,16632,67757,129513
29/10/16 4:45,96021,12844,64636,173501
29/10/16 5:00,107968,41397,64679,214044
29/10/16 5:15,183231,105912,104658,393801
29/10/16 5:30,238955,24554,153508,417017
29/10/16 5:45,214915,72342,131186,418443
29/10/16 6:00,180400,41129,120746,342274
29/10/16 6:15,116250,62380,153614,332244
29/10/16 6:30,225764,55955,130324,412043
29/10/16 6:45,203585,69337,120154,393076
29/10/16 7:00,230502,308544,87065,626110
29/10/16 7:15,241244,294749,55902,591894
29/10/16 7:30,252278,250804,65214,568297
29/10/16 7:45,239335,107910,80569,427814
29/10/16 8:00,226018,90430,65840,382288
29/10/16 8:15,240456,87472,100181,428110
29/10/16 8:30,237781,45340,129240,412361
29/10/16 8:45,211279,27887,94490,333655
29/10/16 9:00,168591,12231,104118,284941
29/10/16 9:15,142689,10941,126701,280331
29/10/16 9:30,95894,42835,144945,283674
29/10/16 9:45,83917,65117,83810,232844
29/10/16 10:00,83931,40054,50633,174618
29/10/16 10:15,82527,17758,59300,159585
29/10/16 10:30,75124,11850,67662,154636
29/10/16 10:45,76642,10693,89807,177142
29/10/16 11:00,104698,25507,86112,216318
29/10/16 11:15,76188,33339,155191,264718
29/10/16 11:30,85089,33813,90600,209502
29/10/16 11:45,81100,361590,47682,490372
29/10/16 12:00,76590,225186,40634,342410
29/10/16 12:15,90620,52133,51209,193963
29/10/16 12:30,78018,36054,80200,194271
29/10/16 12:45,73104,20763,144987,238854
29/10/16 13:00,110585,36634,101464,248682
29/10/16 13:15,103471,48740,106648,258859
29/10/16 13:30,63188,25250,94541,182978
29/10/16 13:45,53112,22199,97189,172500
29/10/16 14:00,62248,73882,153835,289964
29/10/16 14:15,184568,35613,162580,382761
29/10/16 14:30,221706,47042,168414,437162
29/10/16 14:45,178018,41302,190122,409441
29/10/16 15:00,165352,38945,158275,362573
29/10/16 15:15,106261,44601,140295,291157
29/10/16 15:30,70353,63214,161092,294659
29/10/16 15:45,87512,44890,143475,275877
29/10/16 16:00,109705,56530,140979,307214
29/10/16 16:15,115290,54653,153202,323146
29/10/16 16:30,201496,66805,123451,391752
29/10/16 16:45,210506,108524,86628,405658
29/10/16 17:00,238507,78725,99324,416556
29/10/16 17:15,241610,40721,91109,373440
29/10/16 17:30,242799,123683,126053,492536
29/10/16 17:45,245530,200868,110034,556431
29/10/16 18:00,221323,206807,51293,479424
29/10/16 18:15,231718,68068,47241,347027
29/10/16 18:30,188982,22095,62484,273561
29/10/16 18:45,76722,40227,88705,205655
29/10/16 19:00,53593,48449,52455,154497
29/10/16 19:15,54642,12763,43382,110787
29/10/16 19:30,57959,11203,81020,150182
29/10/16 19:45,50610,9692,100257,160559
29/10/16 20:00,89955,33728,71076,194759
29/10/16 20:15,109273,55725,89714,254712
29/10/16 20:30,118918,36667,115769,271354
29/10/16 20:45,119393,64612,127325,311330
29/10/16 21:00,59026,13790,123606,196423
29/10/16 21:15,65042,14241,70532,149815
29/10/16 21:30,69543,11381,49974,130899
29/10/16 21:45,59661,11837,67631,139128
29/10/16 22:00,55044,14438,62584,132067
29/10/16 22:15,64589,10157,59395,134141
29/10/16 22:30,87388,32035,95664,215086
29/10/16 22:45,61468,44867,80875,187210
29/10/16 23:00,76696,37928,125723,240346
29/10/16 23:15,60669,125850,118357,304876
29/10/16 23:30,68569,22608,77396,168573
29/10/16 23:45,80308,9896,44630,134834
30/10/16 0:00,56194,22077,48799,127070
30/10/16 0:15,67025,9810,42042,118878
30/10/16 0:30,99560,9894,94859,204314
30/10/16 0:45,106075,10158,71915,188148
30/10/16 1:00,98530,12376,56524,167429
30/10/16 1:15,66176,46547,38413,151135
30/10/16 1:30,56880,31927,46508,135315
30/10/16 1:45,41919,10255,66178,118352
30/10/16 2:00,56850,10823,52482,120155
30/10/16 2:15,51286,9454,75694,136434
30/10/16 2:30,56514,14959,67844,139318
30/10/16 2:45,65499,10386,39577,115462
30/10/16 3:00,109037,37652,66201,212890
30/10/16 3:15,79721,17943,57250,154913
30/10/16 3:30,91022,11888,93994,196904
30/10/16 3:45,75594,19380,136709,231683
30/10/16 4:00,63381,23817,99510,186708
30/10/16 4:15,48326,17110,89429,154866
30/10/16 4:30,55066,29873,66363,151302
30/10/16 4:45,50566,51412,86795,188773
30/10/16 5:00,108381,11196,93533,213110
30/10/16 5:15,143826,28529,122001,294356
30/10/16 5:30,260138,27880,100161,388179
30/10/16 5:45,265285,49319,133849,448453
30/10/16 6:00,246035,28846,129010,403891
30/10/16 6:15,215749,146180,116431,478359
30/10/16 6:30,144128,286368,101430,531926
30/10/16 6:45,218642,270863,139750,629255
30/10/16 7:00,183169,244673,128995,556837
30/10/16 7:15,255489,66865,81989,404343
30/10/16 7:30,268858,41029,55496,365383
30/10/16 7:45,246547,30501,80795,357843
30/10/16 8:00,233126,34552,65440,333118
30/10/16 8:15,179828,29699,40086,249613
30/10/16 8:30,136093,10757,42365,189216
30/10/16 8:45,73758,28248,43822,145828
30/10/16 9:00,78677,60010,68160,206848
30/10/16 9:15,128519,54961,56025,239505
30/10/16 9:30,105681,23628,73287,202595
30/10/16 9:45,126737,67656,61551,255944
30/10/16 10:00,114358,38891,46895,200145
30/10/16 10:15,81527,13240,68655,163422
30/10/16 10:30,71078,16146,61347,148571
30/10/16 10:45,77472,87439,150991,315901
30/10/16 11:00,118018,48329,137467,303814
30/10/16 11:15,85402,19481,141246,246129
30/10/16 11:30,108802,35548,86498,230849
30/10/16 11:45,120478,15183,79096,214758
30/10/16 12:00,102940,12440,64368,179749
30/10/16 12:15,106450,20271,72700,199421
30/10/16 12:30,88713,11606,110489,210808
30/10/16 12:45,80217,18199,165194,263609
30/10/16 13:00,66172,14166,195440,275778
30/10/16 13:15,61489,14183,175187,250860
30/10/16 13:30,63076,10868,219733,293677
30/10/16 13:45,57164,66893,189449,313506
30/10/16 14:00,65060,100003,167048,332112
30/10/16 14:15,65668,36110,123539,225317
30/10/16 14:30,111038,38499,214531,364068
30/10/16 14:45,125988,36562,231804,394353
30/10/16 15:00,115378,69804,161002,346185
30/10/16 15:15,94631,20104,181688,296423
30/10/16 15:30,126080,22014,139825,287919
30/10/16 15:45,159363,77187,168271,404820
30/10/16 16:00,280138,65118,143070,488326
30/10/16 16:15,258892,81805,160447,501143
30/10/16 16:30,225220,55531,107663,388414
30/10/16 16:45,186820,54415,122528,363763
30/10/16 17:00,135009,73525,101936,310470
30/10/16 17:15,216347,75441,105624,397411
30/10/16 17:30,270804,148749,119303,538855
30/10/16 17:45,256216,247990,108060,612265
30/10/16 18:00,238098,163964,101862,503924
30/10/16 18:15,212157,78514,108955,399626
30/10/16 18:30,165868,33840,62700,262408
30/10/16 18:45,112978,137111,80070,330160
30/10/16 19:00,70991,65842,78128,214961
30/10/16 19:15,58981,55789,84347,199116
30/10/16 19:30,75295,34893,88155,198344
30/10/16 19:45,69446,10282,121794,201523
30/10/16 20:00,57978,30329,120520,208826
30/10/16 20:15,79041,29862,120455,229358
30/10/16 20:30,114128,9550,110419,234097
30/10/16 20:45,131271,10063,109609,250942
30/10/16 21:00,124895,17843,96263,239001
30/10/16 21:15,106202,9715,75782,191698
30/10/16 21:30,138300,12918,63796,215014
30/10/16 21:45,119529,10663,67083,197274
30/10/16 22:00,73252,10079,99845,183176
30/10/16 22:15,48125,10545,75403,134073
30/10/16 22:30,47474,65846,89067,202387
30/10/16 22:45,51950,73539,91645,217134
30/10/16 23:00,52195,125299,80495,257988
30/10/16 23:15,59628,80145,61624,201396
30/10/16 23:30,84283,31230,44430,159943
30/10/16 23:45,94963,11928,44392,151283
31/10/16 0:00,113365,9745,73396,196505
31/10/16 0:15,91091,13817,69063,173971
31/10/16 0:30,73631,10396,68484,152511
31/10/16 0:45,69081,10169,67284,146534
31/10/16 1:00,60043,10320,60055,130417
31/10/16 1:15,60394,13180,72827,146400
31/10/16 1:30,78722,14698,66251,159671
31/10/16 1:45,66590,11704,91928,170222
31/10/16 2:00,72075,12804,79428,164307
31/10/16 2:15,67111,17183,69305,153599
31/10/16 2:30,70287,20259,77845,168391
31/10/16 2:45,58892,11083,99748,169723
31/10/16 3:00,83889,16638,94576,195103
31/10/16 3:15,62186,13220,88230,163637
31/10/16 3:30,62791,12239,81316,156346
31/10/16 3:45,46279,11325,87452,145056
31/10/16 4:00,56634,23375,61381,141390
31/10/16 4:15,43360,27557,49783,120699
31/10/16 4:30,51719,86794,67193,205706
31/10/16 4:45,58091,42975,84506,185573
31/10/16 5:00,94448,16848,107700,218995
31/10/16 5:15,223906,15346,79972,319225
31/10/16 5:30,224467,11266,58271,294004
31/10/16 5:45,221065,17508,81358,319931
31/10/16 6:00,212591,14794,81762,309146
31/10/16 6:15,201935,223190,63622,488747
31/10/16 6:30,160345,209822,60332,430499
31/10/16 6:45,240798,60034,58504,359336
31/10/16 7:00,144291,44942,61298,250531
31/10/16 7:15,113398,28795,87089,229281
31/10/16 7:30,137560,32847,61195,231603
31/10/16 7:45,249263,13775,94062,357101
31/10/16 8:00,249271,68034,91632,408937
31/10/16 8:15,249207,23472,106829,379508
31/10/16 8:30,238796,15767,103583,358147
31/10/16 8:45,220846,19896,96960,337702
31/10/16 9:00,198731,14608,95991,309330
31/10/16 9:15,135572,36574,57941,230087
31/10/16 9:30,99414,26370,54494,180278
31/10/16 9:45,79353,14400,48547,142301
31/10/16 10:00,88862,76662,54766,220290
31/10/16 10:15,86688,44914,79213,210815
31/10/16 10:30,75767,24350,39928,140045
31/10/16 10:45,57634,21275,46604,125513
31/10/16 11:00,92630,16450,62783,171863
31/10/16 11:15,108872,10975,82921,202768
31/10/16 11:30,86607,20607,103556,210769
31/10/16 11:45,96060,14923,73462,184444
31/10/16 12:00,118331,16270,125018,259619
31/10/16 12:15,116284,15508,99788,231580
31/10/16 12:30,76455,32763,105364,214581
31/10/16 12:45,83887,39257,99625,222769
31/10/16 13:00,99445,12670,106247,218362
31/10/16 13:15,104376,22676,125393,252445
31/10/16 13:30,138594,12260,115675,266529
31/10/16 13:45,103148,14027,136181,253356
31/10/16 14:00,101638,20537,146259,268434
31/10/16 14:15,120229,12024,153242,285495
31/10/16 14:30,87005,12217,138481,237704
31/10/16 14:45,94446,16981,99068,210495
31/10/16 15:00,81462,23969,127898,233328
31/10/16 15:15,92514,16367,145461,254342
31/10/16 15:30,78577,142537,112801,333916
31/10/16 15:45,112221,64793,131181,308194
31/10/16 16:00,109930,56425,148022,314377
31/10/16 16:15,196729,41148,112426,350302
31/10/16 16:30,237453,130051,123859,491363
31/10/16 16:45,150382,224336,105231,479949
31/10/16 17:00,238069,248879,107465,594413
31/10/16 17:15,182790,224171,96878,503838
31/10/16 17:30,220731,186309,95537,502578
31/10/16 17:45,254251,234725,86073,575049
31/10/16 18:00,254238,225526,79826,559590
31/10/16 18:15,247371,107777,89572,444720
31/10/16 18:30,248441,71616,86455,406512
31/10/16 18:45,184365,73123,87330,344818
31/10/16 19:00,125211,19969,112334,257514
31/10/16 19:15,86225,16764,102751,205739
31/10/16 19:30,79441,19894,85909,185244
31/10/16 19:45,68423,22938,101069,192429
31/10/16 20:00,74944,10108,79027,164079
31/10/16 20:15,148984,18063,88290,255337
31/10/16 20:30,83587,78235,90408,252230
31/10/16 20:45,84421,16284,116133,216837
31/10/16 21:00,78805,11481,98901,189186
31/10/16 21:15,82397,10878,64062,157337
31/10/16 21:30,77242,78896,80770,236907
31/10/16 21:45,87762,62452,104074,254288
31/10/16 22:00,76020,84135,97544,257699
31/10/16 22:15,78439,51769,96822,227031
31/10/16 22:30,68272,13178,81568,163017
31/10/16 22:45,86625,13102,68061,167788
31/10/16 23:00,96792,10014,53103,159909
31/10/16 23:15,84038,10947,76930,171915
31/10/16 23:30,54710,31074,51268,137051
31/10/16 23:45,74455,11916,50707,137078
1/11/16 0:00,62045,12874,66558,141476
1/11/16 0:15,71692,12401,90850,174943
1/11/16 0:30,69588,10872,113779,194240
1/11/16 0:45,77415,26290,101941,205646
1/11/16 1:00,58576,9950,89163,157688
1/11/16 1:15,57356,9906,69172,136434
1/11/16 1:30,100019,9982,61761,171762
1/11/16 1:45,74466,28417,85311,188194
1/11/16 2:00,69141,20197,109441,198779
1/11/16 2:15,43294,12157,97833,153284
1/11/16 2:30,50082,10553,104776,165411
1/11/16 2:45,60844,15266,76926,153036
1/11/16 3:00,83003,11743,57830,152577
1/11/16 3:15,52311,11260,58334,121905
1/11/16 3:30,54183,10499,64583,129265
1/11/16 3:45,50815,19822,57009,127646
1/11/16 4:00,55975,12636,41881,110492
1/11/16 4:15,76869,86754,51636,215260
1/11/16 4:30,61243,58122,84841,204206
1/11/16 4:45,98807,58394,59675,216876
1/11/16 5:00,93028,10783,73380,177191
1/11/16 5:15,93472,78587,61408,233467
1/11/16 5:30,240145,40136,89253,369534
1/11/16 5:45,239491,15250,93535,348276
1/11/16 6:00,196121,17313,76362,289796
1/11/16 6:15,228627,93857,141622,464107
1/11/16 6:30,146193,205387,108344,459924
1/11/16 6:45,217515,296289,105864,619667
1/11/16 7:00,145961,216667,82184,444811
1/11/16 7:15,267770,60528,91200,419498
1/11/16 7:30,283833,40181,63117,387130
1/11/16 7:45,259526,31808,89837,381171
1/11/16 8:00,249828,30196,91970,371994
1/11/16 8:15,225581,21019,95277,341877
1/11/16 8:30,193448,11764,84062,289274
1/11/16 8:45,174160,17381,157813,349353
1/11/16 9:00,98682,9462,128402,236546
1/11/16 9:15,86377,26804,115562,228743
1/11/16 9:30,77105,56448,70490,204042
1/11/16 9:45,76571,21471,94857,192900
1/11/16 10:00,63389,11672,140897,215959
1/11/16 10:15,62088,11005,95072,168165
1/11/16 10:30,85280,75829,83337,244446
1/11/16 10:45,103614,201164,156243,461020
1/11/16 11:00,160683,236422,121414,518519
1/11/16 11:15,172036,176949,128320,477304
1/11/16 11:30,288979,47758,114887,451624
1/11/16 11:45,247026,20684,215566,483276
1/11/16 12:00,215101,61759,395126,671985
1/11/16 12:15,174373,23938,233759,432070
1/11/16 12:30,141490,12101,235253,388844
1/11/16 12:45,91732,38469,194856,325057
1/11/16 13:00,86350,31941,280553,398844
1/11/16 13:15,95048,11834,270006,376888
1/11/16 13:30,112419,14002,216370,342791
1/11/16 13:45,65716,15653,204663,286032
1/11/16 14:00,103003,19906,223066,345975
1/11/16 14:15,131453,39991,188670,360113
1/11/16 14:30,92207,12279,181688,286174
1/11/16 14:45,59766,11511,193464,264741
1/11/16 15:00,64374,83076,204459,351909
1/11/16 15:15,99977,63743,213275,376995
1/11/16 15:30,152611,74776,192685,420071
1/11/16 15:45,110595,48971,216916,376483
1/11/16 16:00,203969,42612,199166,445747
1/11/16 16:15,158445,52035,207209,417689
1/11/16 16:30,143030,42412,133394,318836
1/11/16 16:45,286770,49783,76066,412619
1/11/16 17:00,289818,145029,105820,540667
1/11/16 17:15,236396,66163,93149,395708
1/11/16 17:30,223398,49635,103462,376495
1/11/16 17:45,235641,30382,71016,337039
1/11/16 18:00,250831,119363,82675,452870
1/11/16 18:15,250131,92568,82725,425424
1/11/16 18:30,205142,66925,60061,332128
1/11/16 18:45,146229,28873,64800,239902
1/11/16 19:00,86307,13591,73390,173288
1/11/16 19:15,65964,14597,77586,158148
1/11/16 19:30,54900,38701,73200,166801
1/11/16 19:45,63967,44891,52961,161819
1/11/16 20:00,78404,14247,58190,150840
1/11/16 20:15,124499,17411,99170,241080
1/11/16 20:30,155203,14342,101232,270777
1/11/16 20:45,122486,15453,112699,250637
1/11/16 21:00,99290,27261,81202,207753
1/11/16 21:15,79260,28996,76395,184652
1/11/16 21:30,77099,33120,91285,201505
1/11/16 21:45,54120,30388,84731,169239
1/11/16 22:00,75464,16796,109060,201320
1/11/16 22:15,75472,29912,104382,209766
1/11/16 22:30,85955,78712,87395,252062
1/11/16 22:45,101953,23964,125534,251450
1/11/16 23:00,104848,29750,78728,213326
1/11/16 23:15,97552,12958,84359,194870
1/11/16 23:30,64317,17763,92898,174978
1/11/16 23:45,61520,16030,66185,143735
2/11/16 0:00,79886,14905,42430,137221
2/11/16 0:15,61668,13017,93375,168059
2/11/16 0:30,76183,16642,110897,203722
2/11/16 0:45,67882,22916,88384,179182
2/11/16 1:00,78046,14748,119729,212524
2/11/16 1:15,102034,15469,94235,211738
2/11/16 1:30,91695,16242,87648,195586
2/11/16 1:45,88188,17902,81533,187623
2/11/16 2:00,88236,13882,71205,173324
2/11/16 2:15,66512,12737,55013,134261
2/11/16 2:30,80644,16640,39756,137039
2/11/16 2:45,85221,21503,46976,153700
2/11/16 3:00,57877,47106,88920,193902
2/11/16 3:15,63783,12947,133979,210709
2/11/16 3:30,59130,12160,105815,177105
2/11/16 3:45,88340,17511,96441,202292
2/11/16 4:00,44543,18011,101061,163616
2/11/16 4:15,58792,15661,64994,139446
2/11/16 4:30,53625,107178,124723,285526
2/11/16 4:45,70921,13573,98676,183170
2/11/16 5:00,110620,32690,111085,254395
2/11/16 5:15,92206,13342,87570,193118
2/11/16 5:30,213632,37394,84914,335941
2/11/16 5:45,212919,110972,126119,450010
2/11/16 6:00,223161,60013,114895,398069
2/11/16 6:15,213150,56566,83695,353411
2/11/16 6:30,128158,29314,99743,257214
2/11/16 6:45,101884,31148,152234,285266
2/11/16 7:00,162551,54025,98329,314905
2/11/16 7:15,253041,77467,110015,440523
2/11/16 7:30,302120,67124,59059,428304
2/11/16 7:45,272590,153308,112471,538369
2/11/16 8:00,203046,51996,134166,389208
2/11/16 8:15,180018,15706,113295,309019
2/11/16 8:30,167606,17276,124739,309621
2/11/16 8:45,117969,26666,145931,290566
2/11/16 9:00,63094,100842,100906,264842
2/11/16 9:15,59099,17647,58311,135058
2/11/16 9:30,61816,35833,61282,158930
2/11/16 9:45,55611,12312,43067,110989
2/11/16 10:00,64430,105628,109152,279210
2/11/16 10:15,84048,54064,154845,292957
2/11/16 10:30,174913,29457,160424,364793
2/11/16 10:45,159023,19237,163559,341820
2/11/16 11:00,131368,13048,206815,351230
2/11/16 11:15,113117,14831,128714,256662
2/11/16 11:30,82562,43170,162108,287840
2/11/16 11:45,57648,31909,112005,201561
2/11/16 12:00,65015,73454,69493,207962
2/11/16 12:15,99824,14682,141366,255872
2/11/16 12:30,78570,23304,183746,285620
2/11/16 12:45,67096,43189,85724,196008
2/11/16 13:00,55491,16862,121633,193986
2/11/16 13:15,67499,197631,94246,359377
2/11/16 13:30,81109,299428,84168,464704
2/11/16 13:45,88692,271365,143882,503938
2/11/16 14:00,126066,244731,310342,681138
2/11/16 14:15,108790,159939,243119,511848
2/11/16 14:30,147698,67170,263402,478270
2/11/16 14:45,102634,32978,287908,423520
2/11/16 15:00,108313,58912,155938,323164
2/11/16 15:15,101500,69674,104663,275837
2/11/16 15:30,89674,76572,113187,279432
2/11/16 15:45,106148,51999,107425,265573
2/11/16 16:00,124390,82631,101079,308100
2/11/16 16:15,149548,51791,60774,262113
2/11/16 16:30,139513,86215,86493,312221
2/11/16 16:45,248291,51507,153009,452807
2/11/16 17:00,311470,41131,125955,478556
2/11/16 17:15,240982,39557,137243,417782
2/11/16 17:30,265346,26395,130347,422088
2/11/16 17:45,263212,109998,138478,511688
2/11/16 18:00,259251,92519,119872,471641
2/11/16 18:15,244471,44665,87780,376915
2/11/16 18:30,227344,56059,61386,344789
2/11/16 18:45,213283,19750,39349,272382
2/11/16 19:00,152942,17087,68429,238458
2/11/16 19:15,96126,10859,97727,204711
2/11/16 19:30,66588,15269,89763,171621
2/11/16 19:45,86890,21008,80693,188590
2/11/16 20:00,103404,11138,111966,226509
2/11/16 20:15,83412,63042,114846,261299
2/11/16 20:30,59874,48521,79525,187921
2/11/16 20:45,65154,15199,43844,124197
2/11/16 21:00,67661,14096,53757,135514
2/11/16 21:15,61189,13455,67343,141986
2/11/16 21:30,113674,15645,78449,207769
2/11/16 21:45,93467,24929,83816,202212
2/11/16 22:00,60957,14744,101677,177377
2/11/16 22:15,101378,87027,78369,266775
2/11/16 22:30,54278,34105,42564,130947
2/11/16 22:45,86192,33010,89860,209062
2/11/16 23:00,77673,119830,112385,309887
2/11/16 23:15,50986,90570,99433,240989
2/11/16 23:30,60872,17304,96631,174807
2/11/16 23:45,71149,66166,89111,226426
3/11/16 0:00,56437,54840,69540,180818
3/11/16 0:15,76686,94147,54042,224875
3/11/16 0:30,74756,60751,77969,213476
3/11/16 0:45,96830,34728,86945,218503
3/11/16 1:00,76334,28660,96285,201278
3/11/16 1:15,58096,36424,67940,162460
3/11/16 1:30,44548,12953,81278,138778
3/11/16 1:45,43352,15613,92994,151960
3/11/16 2:00,49206,12494,114350,176050
3/11/16 2:15,59432,13952,108666,182050
3/11/16 2:30,67128,14310,90132,171569
3/11/16 2:45,62724,17064,68405,148192
3/11/16 3:00,56037,12293,52999,121330
3/11/16 3:15,56920,14861,57670,129451
3/11/16 3:30,56192,11346,35731,103269
3/11/16 3:45,58282,16793,58202,133276
3/11/16 4:00,60629,19115,75624,155368
3/11/16 4:15,49076,11837,118461,179374
3/11/16 4:30,42861,24384,112990,180235
3/11/16 4:45,83950,11819,103949,199719
3/11/16 5:00,101109,15830,89846,206785
3/11/16 5:15,110978,36745,92130,239853
3/11/16 5:30,164962,122479,68742,356183
3/11/16 5:45,238147,95028,42563,375739
3/11/16 6:00,185386,69406,133786,388578
3/11/16 6:15,231420,50320,116824,398564
3/11/16 6:30,187435,89222,118877,395534
3/11/16 6:45,141934,255239,135765,532938
3/11/16 7:00,196184,82185,136950,415319
3/11/16 7:15,245798,53821,105429,405048
3/11/16 7:30,256107,63790,79661,399557
3/11/16 7:45,258893,10631,91324,360848
3/11/16 8:00,252978,11346,82593,346917
3/11/16 8:15,241373,100309,91434,433116
3/11/16 8:30,222370,56179,61822,340371
3/11/16 8:45,203109,55881,45422,304411
3/11/16 9:00,110918,68864,47068,226850
3/11/16 9:15,97379,36643,96963,230984
3/11/16 9:30,97316,50077,90038,237431
3/11/16 9:45,112446,18795,29141,160382
3/11/16 10:00,136776,21086,70423,228285
3/11/16 10:15,106851,11111,127556,245517
3/11/16 10:30,103509,39387,112402,255298
3/11/16 10:45,79412,19508,46163,145083
3/11/16 11:00,87794,24147,37229,149170
3/11/16 11:15,119067,12105,23155,154327
3/11/16 11:30,91809,9724,28100,129632
3/11/16 11:45,83216,14205,159661,257082
3/11/16 12:00,76847,10085,122965,209897
3/11/16 12:15,78358,13027,88502,179887
3/11/16 12:30,66678,18972,116451,202102
3/11/16 12:45,91565,64607,83890,240062
3/11/16 13:00,49397,44364,82848,176610
3/11/16 13:15,56393,13659,84408,154460
3/11/16 13:30,64267,39893,84774,188935
3/11/16 13:45,69671,23951,102198,195819
3/11/16 14:00,65852,14993,80256,161101
3/11/16 14:15,63081,11768,108129,182979
3/11/16 14:30,56204,12095,138557,206856
3/11/16 14:45,144884,72542,120880,338306
3/11/16 15:00,224996,32285,79900,337181
3/11/16 15:15,234595,13271,60654,308520
3/11/16 15:30,177386,81871,24626,283883
3/11/16 15:45,138377,68862,83711,290950
3/11/16 16:00,110577,62786,112339,285702
3/11/16 16:15,201249,85248,122386,408884
3/11/16 16:30,180347,97692,131677,409716
3/11/16 16:45,215121,80062,123766,418949
3/11/16 17:00,217491,61290,105480,384260
3/11/16 17:15,138958,25177,78584,242719
3/11/16 17:30,119149,29053,92222,240424
3/11/16 17:45,100967,52555,57091,210613
3/11/16 18:00,193472,60937,34082,288491
3/11/16 18:15,250547,113868,50208,414623
3/11/16 18:30,229020,210087,45051,484158
3/11/16 18:45,214541,68008,55512,338061
3/11/16 19:00,213086,13525,69519,296130
3/11/16 19:15,180786,31522,107083,319391
3/11/16 19:30,89970,21658,94398,206026
3/11/16 19:45,94864,18718,101480,215061
3/11/16 20:00,95880,10213,88284,194377
3/11/16 20:15,58753,32143,81220,172117
3/11/16 20:30,68916,24391,86587,179894
3/11/16 20:45,81684,21637,79307,182628
3/11/16 21:00,106150,10954,88691,205795
3/11/16 21:15,92673,138521,43806,275000
3/11/16 21:30,92317,95490,25499,213305
3/11/16 21:45,86561,61469,39108,187137
3/11/16 22:00,94164,15281,50289,159735
3/11/16 22:15,86699,10395,27805,124898
3/11/16 22:30,83998,9605,58421,152023
3/11/16 22:45,76524,10606,57605,144735
3/11/16 23:00,70815,9740,91044,171600
3/11/16 23:15,70352,12915,122877,206144
3/11/16 23:30,75712,13902,126129,215742
3/11/16 23:45,85104,12728,79535,177368
4/11/16 0:00,65888,28235,82429,176552
4/11/16 0:15,61859,12381,97429,171668
4/11/16 0:30,83642,10849,44524,139015
4/11/16 0:45,119140,9692,74143,202975
4/11/16 1:00,73505,27211,51719,152435
4/11/16 1:15,59240,13824,29282,102346
4/11/16 1:30,81256,11841,51233,144330
4/11/16 1:45,77263,22640,52828,152731
4/11/16 2:00,57449,16237,62170,135856
4/11/16 2:15,57552,12273,32877,102702
4/11/16 2:30,77015,12058,57720,146793
4/11/16 2:45,74372,13361,98185,185918
4/11/16 3:00,47210,13210,122901,183322
4/11/16 3:15,68925,23609,78072,170606
4/11/16 3:30,57680,15241,28520,101441
4/11/16 3:45,63311,12617,58335,134263
4/11/16 4:00,83579,15776,94463,193819
4/11/16 4:15,60675,21495,75044,157214
4/11/16 4:30,65301,24631,97042,186974
4/11/16 4:45,57695,15544,63688,136927
4/11/16 5:00,92065,26592,21486,140143
4/11/16 5:15,181808,17101,42560,241469
4/11/16 5:30,191141,25582,112858,329580
4/11/16 5:45,169424,20198,107704,297326
4/11/16 6:00,132835,78373,115257,326466
4/11/16 6:15,119188,46466,103356,269011
4/11/16 6:30,91928,111449,90723,294100
4/11/16 6:45,161151,63764,94946,319862
4/11/16 7:00,140530,35758,67128,243416
4/11/16 7:15,200614,337706,48330,586650
4/11/16 7:30,196985,132322,55283,384591
4/11/16 7:45,205984,55545,56199,317729
4/11/16 8:00,186332,43681,78711,308724
4/11/16 8:15,146158,13400,115976,275534
4/11/16 8:30,108819,10893,83453,203166
4/11/16 8:45,102351,105785,106423,314559
4/11/16 9:00,83203,97697,78613,259513
4/11/16 9:15,97977,55471,51808,205256
4/11/16 9:30,67664,106353,51577,225594
4/11/16 9:45,104876,57513,27390,189779
4/11/16 10:00,75965,18326,19923,114214
4/11/16 10:15,56070,41684,16847,114601
4/11/16 10:30,81221,50499,124381,256101
4/11/16 10:45,152260,33183,81095,266538
4/11/16 11:00,108471,17130,116437,242038
4/11/16 11:15,79894,12270,130520,222684
4/11/16 11:30,70222,21361,44465,136048
4/11/16 11:45,79068,60270,26308,165646
4/11/16 12:00,98221,57398,35666,191286
4/11/16 12:15,95415,34907,19359,149681
4/11/16 12:30,66154,33197,81876,181227
4/11/16 12:45,50140,38618,132239,220997
4/11/16 13:00,72584,29085,89940,191609
4/11/16 13:15,59962,12573,112099,184635
4/11/16 13:30,79022,16622,128924,224568
4/11/16 13:45,62269,24067,131235,217571
4/11/16 14:00,56798,13503,126429,196731
4/11/16 14:15,97554,47531,117515,262600
4/11/16 14:30,95315,63343,113973,272631
4/11/16 14:45,74273,46373,105361,226006
4/11/16 15:00,102356,21103,135251,258710
4/11/16 15:15,118755,67135,109218,295108
4/11/16 15:30,112216,48393,108623,269232
4/11/16 15:45,103707,30951,127496,262154
4/11/16 16:00,97132,63026,151477,311636
4/11/16 16:15,81694,67911,104701,254306
4/11/16 16:30,76708,95058,99215,270981
